"AnnualCost","Available Meters","Average Demand","BuildingName","CAAN","CDD_AvgDay","Chilled Water Totalizer","Day of Week","Electricity Totalizer","EUI","Expected Chilled Water Use","Expected Electricity Use","Expected Steam Use","HDD_AvgDay","Minimum Demand","Month","Natural Gas Totalizer","Peak Demand","Sq.Ft.","Steam/Condensate Totalizer","Total_demand"
"PI Point not found 'AcademicSurge_AnnualCost'.","Elec",860,"Academic Surge Building","4632",0,0,0,7897511,"PI Point not found 'AcademicSurge_EUI'.",0,0,0,16.3287353515625,695,0,0,1179,125810,0,831.086486816406
"233495","Elec,CHW,Steam",2826,"Activities and Recreation Center","4799",0,5679518,0,3668244.25,"118.751586914062",0,0,0,16.3287353515625,1052,0,0,12654,178269,4763910,2290.57299804688
"PI Point not found 'AMRL_AnnualCost'.","Elec",49,"Advanced Materials Research Laboratory","4853",0,0,0,1435141.375,"PI Point not found 'AMRL_EUI'.",0,0,0,16.3287353515625,41,0,0,85,7560,0,53.9643096923828
"PI Point not found 'ATIRC_AnnualCost'.","Elec",175,"Advanced Transportation Infrastructure Research Center","4879",0,0,0,2415914.5,"PI Point not found 'ATIRC_EUI'.",0,0,0,16.3287353515625,105,0,0,434,18955,0,160.675537109375
"PI Point not found 'AggieStadium_AnnualCost'.","Elec",251,"Aggie Stadium","",0,0,0,5018810,"PI Point not found 'AggieStadium_EUI'.",0,0,0,16.3287353515625,130,0,0,723,34538,0,295.889068603516
"PI Point not found 'Agronomy.FL_AnnualCost'.","PI Point not found 'Agronomy.FL_Metering'.",61,"Agronomy Field Laboratory","4192",0,0,0,1120268,"80.2833938598633",0,0,0,16.3287353515625,29,0,0,227,7950,0,66.2714691162109
"PI Point not found 'Animal.Bldg_AnnualCost'.","PI Point not found 'Animal.Bldg_Metering'.",17,"Animal Building","4241",0,0,0,916452.3125,"Calc Failed",249,1,0,0,0,16.3287353515625,16,0,0,20,3562
"PI Point not found 'ARS.J1_AnnualCost'.","PI Point not found 'ARS.J1_Metering'.",106,"Animal Resource Service J1","3840",0,0,0,2137452.25,"45.6140251159668",0,0,0,16.3287353515625,70,0,11868930,172,23789,0,102.058052062988
"PI Point not found '0_AnnualCost'.","PI Point not found '0_Metering'.",1,"Ann E. Pitzer Center","TRUE",1,1,0,17835,"0",76199.828125,1,0,0,0,16.3287353515625,1,249,1,0,0
"PI Point not found 'Aquatic.Biology_AnnualCost'.","PI Point not found 'Aquatic.Biology_Metering'.",62,"Aquatic Biology & Environmental Science Bldg","3813",0,0,0,1286249.375,"71.9100723266602",0,0,0,16.3287353515625,44,0,0,88,12310,0,53.7083740234375
"PI Point not found 'ARCPavilion_AnnualCost'.","Elec",337,"ARC Pavilion","4444",0,0,0,6597712.5,"PI Point not found 'ARCPavilion_EUI'.",0,0,0,16.3287353515625,238,0,0,521,171940,0,358.877777099609
"PI Point not found 'Art_AnnualCost'.","Elec",588,"Art Building","3971",0,0,0,3423150.5,"PI Point not found 'Art_EUI'.",0,0,0,16.3287353515625,224,0,0,1778,0,0,544.766845703125
"PI Point not found 'ArtAnnex_AnnualCost'.","Elec",88,"Art Building Annex","3400",0,0,0,1764164.75,"PI Point not found 'ArtAnnex_EUI'.",0,0,0,16.3287353515625,25,0,0,256,9973,0,71.0454635620117
"PI Point not found 'Asmundson.Annex_AnnualCost'.","PI Point not found 'Asmundson.Annex_Metering'.",124,"Asmundson Annex","3999",0,0,0,2580215.75,"331.459350585938",0,0,0,16.3287353515625,72,0,0,224,4071,0,117.042976379395
"PI Point not found 'Bainer_AnnualCost'.","PI Point not found 'Bainer_Metering'.",1105,"Bainer Hall","4004",0,5148833,0,10761135,"483.720520019531",0,0,0,16.3287353515625,834,0,0,1800,165259,13376600,1050.60339355469
"PI Point not found 'Bowley_AnnualCost'.","PI Point not found 'Bowley_Metering'.",478,"Bowley Head House","4758",0,0,0,739047,"Calc Failed",249,1,0,0,0,16.3287353515625,88,0,0,820,5650
"PI Point not found 'Briggs_AnnualCost'.","Elec,CHW,Steam",2084,"Briggs Hall","4273",0,6307710,0,11363802,"170.850143432617",0,0,0,16.3287353515625,1819,0,0,2794,191082,148724,1963.07348632812
"PI Point not found 'CampusDataCenter_AnnualCost'.","Elec",855,"Campus Data Center","4471",0,0,0,4528619.98828125,"660.643737792969",0,0,0,16.3287353515625,581,0,0,925,8810,0,832.701721191406
"PI Point not found 'CHE.Cellular.Biology_AnnualCost'.","PI Point not found 'CHE.Cellular.Biology_Metering'.",105,"Cellular Biology Laboratory","4452",0,0,0,1708754.25,"233.029266357422",0,0,0,16.3287353515625,82,0,0,151,4955,0,105.399513244629
"PI Point not found 'CCAH_AnnualCost'.","Elec",817,"Center for Companion Animal Health","4805",0,0,0,7785193.5,"PI Point not found 'CCAH_EUI'.",0,0,0,16.3287353515625,663,0,0,1197,36753,0,802.403198242188
"PI Point not found 'PrimateCCM_AnnualCost'.","Elec,CHW,Steam",29444,"Center for Comparative Medicine","4684",0,705079,0,9068536.1875,"301.280029296875",0,0,0,16.3287353515625,28959,0,0,29883,28975,5230700,29384.05078125
"PI Point not found 'CHE.Clinical.Medicine_AnnualCost'.","PI Point not found 'CHE.Clinical.Medicine_Metering'.",73,"Center for Health & Environment Clinical Medicine","4085",0,0,0,1446868.25,"220.953567504883",0,0,0,16.3287353515625,54,0,0,126,3683,0,67.2149810791016
"PI Point not found 'CHE.Office/Lab_AnnualCost'.","PI Point not found 'CHE.Office/Lab_Metering'.",241,"Center for Health & Environment Office & Laboratory","3792",0,0,0,4516268,"177.386428833008",0,0,0,16.3287353515625,197,0,0,316,15545,0,229.10578918457
"PI Point not found 'CHE.Toxic.Pollutant.Health_AnnualCost'.","PI Point not found 'CHE.Toxic.Pollutant.Health_Metering'.",206,"Center for Health & Environment Toxic Pollutant Laboratory","4477",0,0,0,3416156.25,"105.632316589355",0,0,0,16.3287353515625,183,0,19008,348,18516,0,196.809829711914
"PI Point not found 'Chemistry_AnnualCost'.","Elec",1537,"Chemistry","3961",0,0,0,10718504,"PI Point not found 'Chemistry_EUI'.",0,0,0,16.3287353515625,1340,0,0,1900,131382,0,1481.79943847656
"385338","Elec,CHW,Steam",5192,"Chemistry Annex","3961B",0,2281014,0,8905384,"290.987548828125",0,0,0,16.3287353515625,2513,0,0,12978,108313,5282940,4688.94384765625
"PI Point not found 'Cole.A_AnnualCost'.","PI Point not found 'Cole.A_Metering'.",115,"Cole A","4219",0,0,0,2202572.5,"87.7177734375",0,0,0,16.3287353515625,73,0,0,226,13195,0,94.7634124755859
"PI Point not found 'Cole.B_AnnualCost'.","PI Point not found 'Cole.B_Metering'.",142,"Cole B","4220",0,416710,0,1930468.75,"86.3965377807617",0,0,0,16.3287353515625,119,0,0,260,13918,565213.073773865,139.624649047852
"PI Point not found 'ConferenceCenter_AnnualCost'.","Elec",238,"Conference Center","4889",0,0,0,3310804.5,"PI Point not found 'ConferenceCenter_EUI'.",0,0,0,16.3287353515625,0,0,0,559,53369,0,177.416168212891
"PI Point not found 'Cruess_AnnualCost'.","Elec",70,"Cruess Hall","3320",0,0,0,1258636.5,"PI Point not found 'Cruess_EUI'.",0,0,0,16.3287353515625,32,0,0,174,0,0,77.728141784668
NA,NA,NA,"Cuarto",NA,NA,NA,NA,NA,NA,NA,NA,NA,NA,NA,NA,NA,NA,NA,NA,NA
"PI Point not found 'Dairy.Cattle.Feed_AnnualCost'.","PI Point not found 'Dairy.Cattle.Feed_Metering'.",103,"Dairy Cattle Feed","3759",0,0,0,1558125.375,"162.526748657227",0,0,0,16.3287353515625,44,0,0,209,6223,0,120.369430541992
"PI Point not found 'Dairy.Cattle.Shed_AnnualCost'.","PI Point not found 'Dairy.Cattle.Shed_Metering'.",0,"Dairy Cattle Shed","3760",0,0,0,178616.765625,"15.8151788711548",0,0,0,16.3287353515625,0,0,0,1,6812,0,-1.97481155395508
"PI Point not found 'Dairy.Tower_AnnualCost'.","PI Point not found 'Dairy.Tower_Metering'.",58,"Dairy Tower","",0,0,0,660149.1875,"Calc Failed",249,1,0,0,0,16.3287353515625,0,0,0,278,0
"PI Point not found 'Dutton_AnnualCost'.","Elec",163,"Dutton Hall","4708",0,0,0,2049655.625,"PI Point not found 'Dutton_EUI'.",0,0,0,16.3287353515625,92,0,0,434,0,0,94.7105712890625
"236161","Elec,CHW,Steam",1198,"Earth and Physical Sciences Building","4869",0,3872307,0,16349920,"162",0,0,0,16.3287353515625,1198,0,0,1198,92350,48873.3073773865,1198
"PI Point not found 'Equestrian.Caretaker_AnnualCost'.","PI Point not found 'Equestrian.Caretaker_Metering'.",3,"Equestrian Center Caretaker Trailer","4890",0,0,0,71974.3828125,"20.3450546264648",0,0,0,16.3287353515625,1,0,0,29,1820,0,0.993535876274109
"PI Point not found 'Equestrian.Arena_AnnualCost'.","PI Point not found 'Equestrian.Arena_Metering'.",15,"Equestrian Center Covered Arena","4865",0,0,0,97439.15625,"1.04662227630615",0,0,0,16.3287353515625,0,0,0,56,45000,0,55.249439239502
"2833","Elec,Gas",83,"FPS Trinchero Building","4920",0,0,0,48150.25390625,"33.9143905639648",0,0,0,16.3287353515625,13,0,288621,278,5600,0,70.4709167480469
"PI Point not found 'Freeborn_AnnualCost'.","Elec",147,"Freeborn Hall","3773",0,0,0,5970074,"PI Point not found 'Freeborn_EUI'.",0,0,0,16.3287353515625,85,0,0,403,58288,0,125.728507995605
"PI Point not found '0_AnnualCost'.","Elec",369,"Gallagher Hall","4872",0,0,0,6226686.5,"PI Point not found '0_EUI'.",0,0,0,16.3287353515625,41,0,0,823,0,0,250.305541992188
"883310","Elec,CHW,Steam",8646,"Genome & Biomedical Sciences Facility","4786",0,42074100,0,17237156,"318.681640625",0,0,0,16.3287353515625,6028,0,0,58019,229354,17871700,7108.044921875
"PI Point not found 'Geotech.MF_AnnualCost'.","PI Point not found 'Geotech.MF_Metering'.",47,"Geotechnical Modeling Facility","4813",0,0,0,538518.4375,"51.1360664367676",0,0,0,16.3287353515625,11,0,0,166,5049,0,51.9262886047363
"135141","Elec,CHW,Steam",1362,"Ghausi Hall","4725",0,2132537,0,10039502,"173.910232543945",0,0,0,16.3287353515625,806,0,0,2208,66462,2091700,999.49609375
"12656","Elec,CHW,Steam",500,"Giedt Hall","4835",0,850365,0,920192.3125,"74.3216247558594",0,0,0,16.3287353515625,29,0,0,3017,15540,454070,469.623687744141
"PI Point not found 'Haring_AnnualCost'.","Elec",637,"Haring Hall","3493",0,0,0,7317823,"PI Point not found 'Haring_EUI'.",0,0,0,16.3287353515625,538,0,0,926,0,0,669.679260253906
"PI Point not found 'Hart_AnnualCost'.","Elec,CHW",182,"Hart Hall","3207",0,1,249,0,"0",3900286,1,0,0,0,16.3287353515625,68,0,0,372,91542
"PI Point not found 'HeitmanSLC_AnnualCost'.","Elec,Gas",62,"Heitman Staff Learning Center","3341",0,0,0,201817.453125,"PI Point not found 'HeitmanSLC_EUI'.",0,0,0,16.3287353515625,4,0,227795,252,4586,0,17.3319206237793
"PI Point not found 'Hickey_AnnualCost'.","PI Point not found 'Hickey_Metering'.",1,"Hickey Gym","TRUE",1,1,0,0,"0",774386.5,1,0,0,0,16.3287353515625,1,249,1,0,0
"PI Point not found 'Hickey.Pool_AnnualCost'.","PI Point not found 'Hickey.Pool_Metering'.",183,"Hickey Pool","",0,0,0,2260869.75,"Calc Failed",249,1,0,0,0,16.3287353515625,121,0,0,306,0
"91720","Elec,Steam",453,"Hoagland Hall","3607",0,0,0,7909358.625,"82.9924163818359",0,0,0,16.3287353515625,289,0,0,739,0,231690,452.418975830078
"PI Point not found '0_AnnualCost'.","PI Point not found '0_Metering'.",1,"Hopkins Services Center Parking Lot","TRUE",1,1,0,0,"0",1463429.875,1,0,0,0,16.3287353515625,1,249,1,0,0
"PI Point not found 'HSUP_AnnualCost'.","Elec",80,"Hopkins Services Complex","4851",0,0,0,1463429.875,"PI Point not found 'HSUP_EUI'.",0,0,0,16.3287353515625,43,0,0,245,42121,0,74.7807464599609
"PI Point not found 'HousingAdmin_AnnualCost'.","Elec",67,"Housing Administration","4474",0,0,0,1691560.125,"PI Point not found 'HousingAdmin_EUI'.",0,0,0,16.3287353515625,40,0,0,178,16257,0,52.3597869873047
"PI Point not found 'Hunt_AnnualCost'.","Elec",256,"Hunt Hall","3421",0,0,0,7420091.5,"PI Point not found 'Hunt_EUI'.",0,0,0,16.3287353515625,161,0,0,399,92555,0,250.915054321289
"5584","Elec,Gas",1,"Hutchison Child Development Center","TRUE",1,1,0,0,"0",721227.4375,36.1913299560547,0,0,0,16.3287353515625,1,249,1,0,1115592.30737739
"212949","Elec,CHW,Steam",2468,"Hutchison Hall","3788",0,2877969,0,12571801,"95.6206588745117",0,0,0,16.3287353515625,2468,0,0,2468,113561,39208974.4262673,2467.69506835938
"PI Point not found 'CRIET_AnnualCost'.","Elec",127,"IET Communications Resources","4910",0,0,0,1672030.875,"PI Point not found 'CRIET_EUI'.",0,0,0,16.3287353515625,46,0,0,292,0,0,110.738952636719
"Calc Failed","249",1,"International Center","248",1,496,1,1,"0",0,0,319263.09375,1,249,1,0,0,0,16.3287353515625,64
"PI Point not found 'Jungerman_AnnualCost'.","Elec",416,"Jungerman Hall","3814",0,0,0,7379118,"PI Point not found 'Jungerman_EUI'.",0,0,0,16.3287353515625,214,0,0,1076,32815,0,253.287033081055
"PI Point not found 'Kemper_AnnualCost'.","Elec",2723,"Kemper Hall","4633",0,0,0,336433248,"PI Point not found 'Kemper_EUI'.",0,0,0,16.3287353515625,208,0,0,3129,186294,0,2637.02075195312
"PI Point not found 'Kerr_AnnualCost'.","Elec",352,"Kerr Hall","4302",0,0,0,8528628,"PI Point not found 'Kerr_EUI'.",0,0,0,16.3287353515625,245,0,0,655,64452,0,318.256164550781
"PI Point not found 'King_AnnualCost'.","Elec",597,"King Hall","4051",0,0,0,5777272.5,"PI Point not found 'King_EUI'.",0,0,0,16.3287353515625,492,0,0,956,0,0,599.0185546875
"PI Point not found 'Leukemia.Barn_AnnualCost'.","PI Point not found 'Leukemia.Barn_Metering'.",58,"Leukemia Barn","4075",0,0,0,811865.875,"70.3011779785156",0,0,0,16.3287353515625,45,0,0,78,7454,0,57.3846778869629
"PI Point not found 'Leukemia.Lab_AnnualCost'.","PI Point not found 'Leukemia.Lab_Metering'.",7,"Leukemia Lab","4078",0,0,0,295913.59375,"15.7367725372314",0,0,0,16.3287353515625,5,0,0,15,3780,0,6.049720287323
"Calc Failed","249",1,"Life Sciences","Calc Failed",249,1,1,1,"0",6727642,0,24699192,168.819717407227,0,0,0,16.3287353515625,1,249,1
"PI Point not found 'EqACL_AnnualCost'.","Elec",741,"Maddy Lab","4716",0,0,0,1289869.625,"PI Point not found 'EqACL_EUI'.",0,0,0,16.3287353515625,654,0,0,924,27248,0,710.861145019531
"PI Point not found 'Mann.Lab_AnnualCost'.","PI Point not found 'Mann.Lab_Metering'.",238,"Mann Laboratory","3841",0,0,0,8934091,"134.385055541992",0,0,0,16.3287353515625,194,0,0,304,16987,0,225.372482299805
"68013","Elec,CHW,Steam",887,"Mathematical Sciences Building","4821",0,2002781,0,8976760,"82.5104293823242",0,0,0,16.3287353515625,294,0,0,12082,65782,1231290,500.012268066406
"PI Point not found 'MedSci1D_AnnualCost'.","Elec",146,"Medical Sciences I D","4430",0,0,0,3603326.25,"PI Point not found 'MedSci1D_EUI'.",0,0,0,16.3287353515625,116,0,0,224,9105,0,147.453338623047
"85333","Elec,CHW,Steam",1254,"Memorial Union","3460",0,2190706,0,3716963.25,"55.303596496582",0,0,0,16.3287353515625,527,0,0,4262,145829,4004243.07377386,1613.06982421875
"1032805","Elec,CHW,Steam",12272,"Meyer Hall","4556",0,9892220,0,7629339,"426.445617675781",0,0,0,16.3287353515625,8645,0,0,22921,217503,27221700,12485.19921875
"91484","Elec,CHW,Steam",1719,"Mrak Hall","3842",0,1105359,0,502371.34375,"70.853889465332",0,0,0,16.3287353515625,238,0,0,17969,99151,1303370,291.848785400391
"PI Point not found 'Music.Building_AnnualCost'.","Elec",42,"Music Building","3970",0,0,0,1443578.625,"PI Point not found 'Music.Building_EUI'.",0,0,0,16.3287353515625,13,0,0,135,20204,0,13.0992994308472
"PI Point not found '1850_Research_Park_AnnualCost'.","PI Point not found '1850_Research_Park_Metering'.",1,"Office of Research (1850 Research Park Drive)","TRUE",1,1,0,0,"0",0,1,0,0,0,16.3287353515625,1,249,1,0,0
"PI Point not found 'Olson_AnnualCost'.","Elec",86,"Olson Hall","3803",0,0,0,3193766.25,"PI Point not found 'Olson_EUI'.",0,0,0,16.3287353515625,42,0,0,228,0,0,58.5059967041016
"PI Point not found 'Parsons_AnnualCost'.","Elec",20,"Parsons Seed Certification Center","4548",0,0,0,673911.4375,"PI Point not found 'Parsons_EUI'.",0,0,0,16.3287353515625,7,0,0,106,7180,0,9.68558216094971
"PI Point not found 'PavilionParking_AnnualCost'.","Elec",274,"Pavilion Parking Structure","4827",0,0,0,6888900.5,"PI Point not found 'PavilionParking_EUI'.",0,0,0,16.3287353515625,132,0,0,588,493567,0,305.758880615234
"PI Point not found 'PSELibrary_AnnualCost'.","Elec",88,"Physical Sciences & Engineering Library","4243",0,0,0,2074743.625,"PI Point not found 'PSELibrary_EUI'.",0,0,0,16.3287353515625,0,0,0,343,31992,0,37.1309127807617
"210607","Elec,CHW,Steam",1266,"Physics Building","4266",0,3092563,0,5936749.5,"101.292945861816",0,0,0,16.3287353515625,254,0,0,2753,144444,72457.614754773,1160.50244140625
"359389","Elec,CHW,Steam",3695,"Plant & Environmental Sciences","4726",0,7957915,0,10993676,"210.887512207031",0,0,0,16.3287353515625,2402,0,0,5856,141214,5533000,2925.75415039062
"PI Point not found 'PrimateCHD_AnnualCost'.","Elec",44,"Primate Childhood Health & Disease Facility","4874",0,0,0,1065168.125,"PI Point not found 'PrimateCHD_EUI'.",0,0,0,16.3287353515625,34,0,0,67,3476,0,47.2638854980469
"67055","Elec,Gas",342,"Primate Respiratory Disease Center","0",0,0,0,2776401.75,"156.995620727539",0,0,0,16.3287353515625,7,0,149457.203125,690,0,0,348.417663574219
"PI Point not found 'PrimateVIL_AnnualCost'.","Elec",106,"Primate Virology & Immunology Laboratory","4888",0,0,0,2348270.25,"PI Point not found 'PrimateVIL_EUI'.",0,0,0,16.3287353515625,73,0,0,176,5790,0,109.879989624023
"PI Point not found 'VMTH_AnnualCost'.","Elec,CHW",1256,"Pritchard VMTH","4267",0,4386997,0,7946681.5,"PI Point not found 'VMTH_EUI'.",0,0,0,16.3287353515625,132,0,0,1872,0,0,1268.54028320312
"PI Point not found 'QuadParking_AnnualCost'.","Elec",57,"Quad Parking Structure","4645",0,0,0,2985673,"PI Point not found 'QuadParking_EUI'.",0,0,0,16.3287353515625,0,0,0,106,281515,0,68.2399978637695
NA,NA,NA,"Residence Halls",NA,NA,NA,NA,NA,NA,NA,NA,NA,NA,NA,NA,NA,NA,NA,NA,NA
"1227","Elec,Gas",1,"Rifle Range","TRUE",1,1,0,0,"0",73453.1,31.5460319519043,0,0,0,16.3287353515625,1,249,1,0,56979
"PI Point not found 'RMI_Brewery.Winery_AnnualCost'.","Elec,CHW,Steam",1,"RMI Brewery, Winery, and Food Pilot Facility","TRUE",1,1,0,415756,"0",2180508,1,0,0,0,16.3287353515625,1,249,1,0,0
"467868","Elec,CHW,Steam",4170,"RMI North, South, Sensory","4856",0,8333378,0,7209721,"267.482482910156",0,0,0,16.3287353515625,2564,0,0,8068,147314,100607304,3199.31030273438
"235892","Robbins",1,"Robbins Hall","18.109324681196",9.47058549228656,1711230,3180350,103.398803710938,"54.4330902099609",5307785.5,2940862.5,225.845947,157.420456,8248648,4891580,1,1,1,0,1588.17346
"11509","Elec,CHW",1,"Roessler Hall","TRUE",1,1,0,284959,"0",1685435.875,37.4615669250488,0,0,0,16.3287353515625,1,249,1,0,0
"PI Point not found '0_AnnualCost'.","Elec,Steam",1,"Schaal Aquatic Center","TRUE",1,1,0,0,"0",6784918.5,1873,0,0,0,16.3287353515625,1,249,1,0,0
"PI Point not found 'SoE_AnnualCost'.","PI Point not found 'SoE_Metering'.",89,"School of Education Building","4442",0,0,0,1064629.375,"23.2248077392578",0,0,0,16.3287353515625,64,0,0,230,32361,0,77.9799575805664
"PI Point not found 'SciLab_AnnualCost'.","Elec,CHW,Steam",4457,"Sciences Lab Building","4792",0,1059428,0,2217513.75,"169.519134521484",0,0,0,16.3287353515625,2172,0,0,7354,152646,50853430.7377386,4314.77734375
"PI Point not found 'SegundoDC_AnnualCost'.","Elec,CHW,Steam",2560,"Segundo Dining Commons","4802",0,1821232,0,6870429.5,"366.050689697266",0,0,0,16.3287353515625,0,0,0,6301,46712,7448720.80123642,2152.5009765625
"108262","Elec",1,"Segundo High Rises","TRUE",1,1,0,0,"0",8536317,32.258731842041,0,0,0,16.3287353515625,1,249,1,0,0
"84231","Elec,CHW,Steam",1097,"Segundo North","0",0,1132784,0,10097235,"57.2912559509277",0,0,0,16.3287353515625,387,0,0,3698,115346,6979400,786.030456542969
"57193","Elec,CHW,Steam",1,"Segundo Regan","TRUE",1,1,0,328333,"0",3027927,60.3686218261719,0,0,0,16.3287353515625,1,249,1,0,0
"PI Point not found 'SegundoServices_AnnualCost'.","Elec,CHW,Steam",2565,"Segundo Services Center","4897",0,633406,0,935926.25,"250.676773071289",0,0,0,16.3287353515625,840,0,0,6228,37567,4380773.07377386,3154.32495117188
"PI Point not found 'Shields_AnnualCost'.","Elec,CHW,Steam",1605,"Shields Library","3390",0,3347616,0,24276140,"58.1026268005371",0,0,0,16.3287353515625,616,0,0,2736,410015,155934,842.09033203125
"Calc Failed","249",1,"Shrem Museum of Art","248",1,635,1,1,"0",117972,0,270467.1875,1,249,1,0,0,0,16.3287353515625,192
"PI Point not found 'Social_Science_AnnualCost'.","Elec",494,"Social Sciences & Humanities","4656",0,0,0,12818028,"PI Point not found 'Social_Science_EUI'.",0,0,0,16.3287353515625,354,0,0,947,0,0,444.386016845703
"PI Point not found 'Sproul_AnnualCost'.","Elec",169,"Sproul Hall","3815",0,0,0,7341678.5,"PI Point not found 'Sproul_EUI'.",0,0,0,16.3287353515625,84,0,0,386,53875,0,134.507965087891
"PI Point not found 'Storer_AnnualCost'.","Elec",315,"Storer Hall","4073",0,0,0,6165767,"PI Point not found 'Storer_EUI'.",0,0,0,16.3287353515625,238,0,0,518,0,0,279.026733398438
"72378","Elec,CHW,Steam",1276,"Student Community Center","4898",0,730826.144048527,0,2176007,"150.049346923828",1663.87549850464,0,0,16.3287353515625,109,0,0,12090,44005,1332940,565.980712890625
"103385","Elec,CHW,Steam",3240,"Student Health & Wellness Center","4871",0,2056230,0,5942169,"113.057136535645",0,0,0,16.3287353515625,526,0,0,18276,78275,1426820,690.568176269531
"95133","Elec,CHW,Steam",1,"Tercero 1","TRUE",1,1,0,1154887,"0",12213468,62.7905235290527,0,0,0,16.3287353515625,1,249,1,0,0
"95425","Elec,CHW,Steam",1,"Tercero 2","TRUE",1,1,0,849492,"0",6829172,43.2614212036133,0,0,0,16.3287353515625,1,249,1,0,0
"117841","Elec,CHW,Steam",1,"Tercero 3","TRUE",1,1,0,1090600,"0",2980837.75,30.3721885681152,0,0,0,16.3287353515625,1,249,1,0,0
"PI Point not found 'TerceroDC_AnnualCost'.","Elec,CHW,Steam",2599,"Tercero Dining Commons","4023",0,1071382,0,8926105,"102.622398376465",0,0,0,16.3287353515625,385,0,0,70131,59253,8940780,1006.64617919922
"PI Point not found 'Thurman_AnnualCost'.","Elec,CHW,Steam",501,"Thurman Laboratory","4567",0,1859203,0,3267406.5,"PI Point not found 'Thurman_EUI'.",0,0,0,16.3287353515625,414,0,0,652,60198,6288213.07377386,470.553100585938
"PI Point not found 'PrimateTSRF_AnnualCost'.","Elec",105,"Translational Shared Research Facility","4880",0,0,0,1180634.625,"PI Point not found 'PrimateTSRF_EUI'.",0,0,0,16.3287353515625,28,0,0,209,2500,0,79.3032684326172
"26455","Elec,CHW,Gas",288,"Transportation and Parking Services","4828",0,408829,0,3189314,"105.377433776855",0,0,0,16.3287353515625,24,0,11514432.3073774,1033,22563,0,103.74284362793
"PI Point not found 'Tupper_AnnualCost'.","Elec,CHW,Steam",7820,"Tupper Hall","4427",0,5557010,0,31381220,"PI Point not found 'Tupper_EUI'.",0,0,0,16.3287353515625,5728,0,0,12957,237714,9638700,6405.17822265625
"Calc Failed","249",1,"University Services Building","Calc Failed",249,1,1,1,"0",0,0,0,1,249,1,0,0,0,16.3287353515625,1
"82679","Elec,CHW,Steam",1,"Valley Hall","TRUE",1,1,0,736073,"0",7038261.5,115.710891723633,0,0,0,16.3287353515625,1,249,1,0,0
"465478","Elec,CHW,Steam",6039,"Vet Med 3A","4793",0,5863122,0,16577777,"272.196960449219",0,0,0,16.3287353515625,2830,0,0,12768,162388,140942851.672153,5690.14501953125
"PI Point not found 'VM3B_AnnualCost'.","Elec,CHW,Steam",1048,"Vet Med 3B","4921",0,3170890,0,8942357,"107.79866027832",0,0,0,16.3287353515625,8155083.5,1801875,1048,0,0,1048,117790
"35399","Elec,CHW,Steam",748,"Vet Med Equine Athletic Performance Lab","4820",0,732626,0,2026043.125,"295.620239257812",0,0,0,16.3287353515625,137,0,0,3965,10414,2324080,158.237045288086
"PI Point not found 'VM.LAF_AnnualCost'.","PI Point not found 'VM.LAF_Metering'.",4,"Vet Med Large Animal Facility","3490B",0,0,0,104609.640625,"6.5941333770752",0,0,0,16.3287353515625,1,0,0,17,7091,0,0.913475930690765
"PI Point not found 'VM2_AnnualCost'.","Elec",473,"Veterinary Medicine 2","4466",0,0,0,693179.25,"PI Point not found 'VM2_EUI'.",0,0,0,16.3287353515625,386,0,0,728,50156,0,448.006072998047
"PI Point not found 'VMTHSurgical_AnnualCost'.","Elec",108,"VMTH Surgical","4268",0,0,0,1816198.125,"PI Point not found 'VMTHSurgical_EUI'.",0,0,0,16.3287353515625,53,0,0,249,15377,0,170.098587036133
"PI Point not found 'VMTHWard_AnnualCost'.","Elec",127,"VMTH Ward","4269",0,0,0,3319967.75,"PI Point not found 'VMTHWard_EUI'.",0,0,0,16.3287353515625,86,0,0,288,19810,0,147.946990966797
"PI Point not found 'Voorhies_AnnualCost'.","Elec",194,"Voorhies Hall","3745",0,0,0,2881248,"PI Point not found 'Voorhies_EUI'.",0,0,0,16.3287353515625,162,0,0,331,0,0,176.883377075195
"PI Point not found 'Walker_AnnualCost'.","Elec",1,"Walker Hall","TRUE",1,1,0,0,"0",1,249,0,1,0,0,0,16.3287353515625,1,249,1
"PI Point not found 'WSEH_AnnualCost'.","PI Point not found 'WSEH_Metering'.",63,"Water Science & Engineering Hydraulic L2","3778",0,0,0,1101672.75,"59.4950485229492",0,0,0,16.3287353515625,0,0,0,458,16564,0,60.8063278198242
"PI Point not found 'WatershedResearch_AnnualCost'.","Elec,CHW,Steam",310,"Watershed Science Facility","4833",0,322558,0,9256657,"222.013168334961",0,0,0,16.3287353515625,285,0,0,464,18391,294430,302.258605957031
"PI Point not found 'Wellman_AnnualCost'.","Elec",70,"Wellman Hall","4050",0,0,0,694424.125,"PI Point not found 'Wellman_EUI'.",0,0,0,16.3287353515625,48,0,0,107,0,0,55.3093109130859
"PI Point not found 'WHNRC_AnnualCost'.","Elec,CHW,Steam",1438,"Western Human Nutrition Research Center (WHNRC)","4843",0,3952959,0,2626582.5,"280.5986328125",0,0,0,16.3287353515625,473,0,0,3284,49941,53457142.4590191,1422.6787109375
"214029","Elec,CHW,Steam",1321,"Wickson Hall","3351",0,2367661,0,3669407.75,"129.764739990234",0,0,0,16.3287353515625,290,0,0,3472,117660,599533.307377386,1248.24584960938
"PI Point not found 'Wright_AnnualCost'.","Elec",192,"Wright Hall","3972",0,0,0,8030139,"PI Point not found 'Wright_EUI'.",0,0,0,16.3287353515625,87,0,0,453,0,0,163.725845336914
"PI Point not found 'Young_AnnualCost'.","Elec,CHW,Steam",1355,"Young Hall","3266",0,582351,0,8444237,"71.7852935791016",0,0,0,16.3287353515625,536,0,0,3615,89836,520426.307377386,1042.94128417969
